INSERT INTO CLASS VALUES('3','A');
INSERT INTO CLASS VALUES('3','B');
INSERT INTO CLASS VALUES('6','A');
INSERT INTO CLASS VALUES('6','B');
INSERT INTO CLASS VALUES('7','A');
INSERT INTO CLASS VALUES('7','B');
INSERT INTO CLASS VALUES('8','A');
INSERT INTO CLASS VALUES('8','B');
INSERT INTO CLASS VALUES('4','A');
INSERT INTO CLASS VALUES('4','C');
INSERT INTO CLASS VALUES('5','A');
INSERT INTO CLASS VALUES('5','B');
INSERT INTO CLASS VALUES('5','C');

INSERT INTO TEACHER VALUES('CSE01','RAMESH');
INSERT INTO TEACHER VALUES('CSE02','SURESH');
INSERT INTO TEACHER VALUES('CSE03','AJAY');
INSERT INTO TEACHER VALUES('CSE04','ADARSH');
INSERT INTO TEACHER VALUES('CSE05','SPARSH');
INSERT INTO TEACHER VALUES('CSE06','SUCHITRA');
INSERT INTO TEACHER VALUES('CSE07','NIHIRIKA');

INSERT INTO STUDENT VALUES('1BI17CS181','VISHVESHWARA','3','A','CSE01');
INSERT INTO STUDENT VALUES('1BI17CS143','SIMRAN','3','B','CSE01');
INSERT INTO STUDENT VALUES('1BI17CS001','ABHILASH','3','B','CSE02');
INSERT INTO STUDENT VALUES('1BI17CS169','TASHAN','3','A','CSE02');
INSERT INTO STUDENT VALUES('1BI17CS160','JATU','3','A','CSE02');
INSERT INTO STUDENT VALUES('1BI17CS108','SONAL','3','B','CSE03');
INSERT INTO STUDENT VALUES('1BI17CS173','VADIRAJA','3','B','CSE01');

INSERT INTO STUDENT VALUES('1BI16CS005','ABJINI','5','C','CSE03');
INSERT INTO STUDENT VALUES('1BI16CS002','RANJAN','5','A','CSE03');
INSERT INTO STUDENT VALUES('1BI16CS003','PAVAN','5','A','CSE04');
INSERT INTO STUDENT VALUES('1BI16CS004','NANDINI','5','B','CSE04');
INSERT INTO STUDENT VALUES('1BI16CS008','SPOORTHI','5','B','CSE04');
INSERT INTO STUDENT VALUES('1BI16CS006','DARSHAN','5','C','CSE05');
INSERT INTO STUDENT VALUES('1BI16CS187','LOKESHWAR','5','C','CSE05');
INSERT INTO STUDENT VALUES('1BI16CS007','ASHRAY','5','C','CSE05');
INSERT INTO STUDENT VALUES('1BI16CS009','VARUN','5','A','CSE05');

INSERT INTO STUDENT VALUES('1BI15CS010','SHAMITH','7','A','CSE06');
INSERT INTO STUDENT VALUES('1BI15CS011','AMITH','7','B','CSE06');
INSERT INTO STUDENT VALUES('1BI15CS012','APEKSHA','7','B','CSE06');
INSERT INTO STUDENT VALUES('1BI15CS013','SAMYUKTA','7','A','CSE07');
INSERT INTO STUDENT VALUES('1BI15CS014','AAMIR','7','A','CSE07');
INSERT INTO STUDENT VALUES('1BI15CS015','JEESHAN','7','B','CSE07');
INSERT INTO STUDENT VALUES('1BI15CS016','RAVI','7','B','CSE07');

INSERT INTO COURSE VALUES('15CS31','DAA','4','3');
INSERT INTO COURSE VALUES('15CS32','USP','4','3');
INSERT INTO COURSE VALUES('15CS33','DMS','4','3');
INSERT INTO COURSE VALUES('15CS34','CO','4','3');
INSERT INTO COURSE VALUES('15CS35','ADE','4','3');		
INSERT INTO COURSE VALUES('15CS36','M3','4','3');
INSERT INTO COURSE VALUES('15CS41','SE','4','4');
INSERT INTO COURSE VALUES('15CS42','DC','4','4');
INSERT INTO COURSE VALUES('15CS43','ADA','4','4');
INSERT INTO COURSE VALUES('15CS44','MPMC','4','4');
INSERT INTO COURSE VALUES('15CS45','M4','4','4');		
INSERT INTO COURSE VALUES('15CS46','OOC','4','7');		
INSERT INTO COURSE VALUES('15CS51','DBMS','4','5');
INSERT INTO COURSE VALUES('15CS52','AJAVA','4','5');
INSERT INTO COURSE VALUES('15CS53','.NET','4','5');
INSERT INTO COURSE VALUES('15CS54','CN','4','5');
INSERT INTO COURSE VALUES('15CS55','ME','4','5');		
INSERT INTO COURSE VALUES('15CS56','ATCI','4','5');		
INSERT INTO COURSE VALUES('15CS61','CNS','4','6');
INSERT INTO COURSE VALUES('15CS62','CG','4','6');
INSERT INTO COURSE VALUES('15CS63','SS&CD','4','6');	
INSERT INTO COURSE VALUES('15CS64','OS','4','6');
INSERT INTO COURSE VALUES('15CS65','FS','4','6');		
INSERT INTO COURSE VALUES('15CS66','ST','4','6');		
INSERT INTO COURSE VALUES('15CS71','WT','4','7');
INSERT INTO COURSE VALUES('15CS72','ACA','4','7');
INSERT INTO COURSE VALUES('15CS73','CCA','4','7');
INSERT INTO COURSE VALUES('15CS74','ML','4','7');	

INSERT INTO TEACHES VALUES('CSE01','15CS31');
INSERT INTO TEACHES VALUES('CSE02','15CS32');
INSERT INTO TEACHES VALUES('CSE03','15CS33');
INSERT INTO TEACHES VALUES('CSE04','15CS34');
INSERT INTO TEACHES VALUES('CSE05','15CS35');
INSERT INTO TEACHES VALUES('CSE06','15CS36');
INSERT INTO TEACHES VALUES('CSE07','15CS41');
INSERT INTO TEACHES VALUES('CSE02','15CS42');
INSERT INTO TEACHES VALUES('CSE03','15CS43');
INSERT INTO TEACHES VALUES('CSE04','15CS44');
INSERT INTO TEACHES VALUES('CSE05','15CS45');
INSERT INTO TEACHES VALUES('CSE06','15CS46');
INSERT INTO TEACHES VALUES('CSE01','15CS51');
INSERT INTO TEACHES VALUES('CSE02','15CS52');
INSERT INTO TEACHES VALUES('CSE07','15CS53');
INSERT INTO TEACHES VALUES('CSE04','15CS54');
INSERT INTO TEACHES VALUES('CSE05','15CS55');
INSERT INTO TEACHES VALUES('CSE06','15CS56');
INSERT INTO TEACHES VALUES('CSE01','15CS61');
INSERT INTO TEACHES VALUES('CSE02','15CS62');
INSERT INTO TEACHES VALUES('CSE03','15CS63');
INSERT INTO TEACHES VALUES('CSE04','15CS64');
INSERT INTO TEACHES VALUES('CSE05','15CS65');
INSERT INTO TEACHES VALUES('CSE06','15CS66');
INSERT INTO TEACHES VALUES('CSE07','15CS71');
INSERT INTO TEACHES VALUES('CSE02','15CS72');
INSERT INTO TEACHES VALUES('CSE03','15CS73');
INSERT INTO TEACHES VALUES('CSE04','15CS74');	

INSERT INTO MENTOR VALUES('2018-11-7 22:49:34','1BI16CS001','YOU NEED TO ATTEND CLASS');
INSERT INTO MENTOR VALUES('2018-11-7 22:50:45','1BI16CS108','YOU NEED TO ATTEND CLASS');
INSERT INTO MENTOR VALUES('2018-11-8 22:31:55','1BI16CS143','NEED TO GET BETTER');
INSERT INTO MENTOR VALUES('2018-11-9 22:54:55','1BI16CS160','FOCUS ON WHAT MATTERS');	
INSERT INTO MENTOR VALUES('2018-11-18 22:54:55','1BI16CS169','YOU CAN DO IT');
INSERT INTO MENTOR VALUES('2018-11-28 22:57:55','1BI16CS173','COME ON GIVE YOUR BEST');
INSERT INTO MENTOR VALUES('2018-11-29 22:35:55','1BI16CS181','YOUR THE BEST AT WHAT YOU DO');

INSERT INTO MARKS VALUES('20','12','10','0','15CS31','1BI17CS001');
INSERT INTO MARKS VALUES('20','12','12','0','15CS32','1BI17CS001');
INSERT INTO MARKS VALUES('12','12','12','0','15CS33','1BI17CS001');
INSERT INTO MARKS VALUES('20','20','20','0','15CS34','1BI17CS001');
INSERT INTO MARKS VALUES('17','15','12','0','15CS35','1BI17CS001');
INSERT INTO MARKS VALUES('12','12','12','0','15CS36','1BI17CS001');

INSERT INTO MARKS VALUES('20','12','10','0','15CS31','1BI17CS181');
INSERT INTO MARKS VALUES('20','12','12','0','15CS32','1BI17CS181');
INSERT INTO MARKS VALUES('12','12','12','0','15CS33','1BI17CS181');
INSERT INTO MARKS VALUES('20','20','20','0','15CS34','1BI17CS181');
INSERT INTO MARKS VALUES('17','15','12','0','15CS35','1BI17CS181');
INSERT INTO MARKS VALUES('12','12','12','0','15CS36','1BI17CS181');

INSERT INTO MARKS VALUES('20','12','10','0','15CS31','1BI17CS143');
INSERT INTO MARKS VALUES('20','12','12','0','15CS33','1BI17CS143');
INSERT INTO MARKS VALUES('12','12','12','0','15CS34','1BI17CS143');
INSERT INTO MARKS VALUES('20','20','20','0','15CS35','1BI17CS143');
INSERT INTO MARKS VALUES('17','15','12','0','15CS36','1BI17CS143');
INSERT INTO MARKS VALUES('12','12','12','0','15CS32','1BI17CS143');

INSERT INTO MARKS VALUES('20','12','10','0','15CS31','1BI17CS173');
INSERT INTO MARKS VALUES('20','12','12','0','15CS33','1BI17CS173');
INSERT INTO MARKS VALUES('12','12','12','0','15CS34','1BI17CS173');
INSERT INTO MARKS VALUES('20','20','20','0','15CS35','1BI17CS173');
INSERT INTO MARKS VALUES('17','15','12','0','15CS36','1BI17CS173');
INSERT INTO MARKS VALUES('12','12','12','0','15CS32','1BI17CS173');

INSERT INTO MARKS VALUES('20','12','10','0','15CS31','1BI17CS169');
INSERT INTO MARKS VALUES('20','12','12','0','15CS34','1BI17CS169');
INSERT INTO MARKS VALUES('12','12','12','0','15CS33','1BI17CS169');
INSERT INTO MARKS VALUES('20','20','20','0','15CS35','1BI17CS169');
INSERT INTO MARKS VALUES('17','15','12','0','15CS32','1BI17CS169');
INSERT INTO MARKS VALUES('12','12','12','0','15CS36','1BI17CS169');

INSERT INTO MARKS VALUES('20','12','10','0','15CS31','1BI17CS160');
INSERT INTO MARKS VALUES('20','12','12','0','15CS35','1BI17CS160');
INSERT INTO MARKS VALUES('12','12','12','0','15CS36','1BI17CS160');
INSERT INTO MARKS VALUES('20','20','20','0','15CS32','1BI17CS160');
INSERT INTO MARKS VALUES('17','15','12','0','15CS33','1BI17CS160');
INSERT INTO MARKS VALUES('12','12','12','0','15CS34','1BI17CS160'); 

INSERT INTO MARKS VALUES('20','12','10','0','15CS31','1BI17CS108');
INSERT INTO MARKS VALUES('20','12','12','0','15CS35','1BI17CS108');
INSERT INTO MARKS VALUES('12','12','12','0','15CS36','1BI17CS108');
INSERT INTO MARKS VALUES('20','20','20','0','15CS32','1BI17CS108');
INSERT INTO MARKS VALUES('17','15','12','0','15CS33','1BI17CS108');
INSERT INTO MARKS VALUES('12','12','12','0','15CS34','1BI17CS108'); 

INSERT INTO MARKS VALUES('20','18','16','0','15CS51','1BI16CS002');
INSERT INTO MARKS VALUES('20','18','18','0','15CS51','1BI16CS003');
INSERT INTO MARKS VALUES('18','18','18','0','15CS51','1BI16CS004');
INSERT INTO MARKS VALUES('20','20','20','0','15CS51','1BI16CS005');
INSERT INTO MARKS VALUES('17','15','18','0','15CS51','1BI16CS006');
INSERT INTO MARKS VALUES('18','18','18','0','15CS51','1BI16CS007'); 
INSERT INTO MARKS VALUES('20','20','20','0','15CS51','1BI16CS008');
INSERT INTO MARKS VALUES('17','15','18','0','15CS51','1BI16CS009');
INSERT INTO MARKS VALUES('20','19','0','0','15CS51','1BI16CS187'); 

INSERT INTO MARKS VALUES('19','16','16','0','15CS52','1BI16CS002');
INSERT INTO MARKS VALUES('19','16','16','0','15CS52','1BI16CS003');
INSERT INTO MARKS VALUES('16','16','16','0','15CS52','1BI16CS004');
INSERT INTO MARKS VALUES('19','19','19','0','15CS52','1BI16CS005');
INSERT INTO MARKS VALUES('17','16','16','0','15CS52','1BI16CS006');
INSERT INTO MARKS VALUES('16','16','16','0','15CS52','1BI16CS007'); 
INSERT INTO MARKS VALUES('19','19','19','0','15CS52','1BI16CS008');
INSERT INTO MARKS VALUES('17','16','16','0','15CS52','1BI16CS009');
INSERT INTO MARKS VALUES('19','19','0','0','15CS52','1BI16CS187'); 

INSERT INTO MARKS VALUES('19','14','16','0','15CS53','1BI16CS002');
INSERT INTO MARKS VALUES('14','16','16','0','15CS53','1BI16CS003');
INSERT INTO MARKS VALUES('16','16','16','0','15CS53','1BI16CS004');
INSERT INTO MARKS VALUES('15','19','14','0','15CS53','1BI16CS005');
INSERT INTO MARKS VALUES('17','13','16','0','15CS53','1BI16CS006');
INSERT INTO MARKS VALUES('16','16','12','0','15CS53','1BI16CS007'); 
INSERT INTO MARKS VALUES('10','17','19','0','15CS53','1BI16CS008');
INSERT INTO MARKS VALUES('17','16','16','0','15CS53','1BI16CS009');
INSERT INTO MARKS VALUES('20','18','0','0','15CS53','1BI16CS187'); 

INSERT INTO MARKS VALUES('20','18','16','0','15CS54','1BI16CS002');
INSERT INTO MARKS VALUES('20','18','17','0','15CS54','1BI16CS003');
INSERT INTO MARKS VALUES('18','19','18','0','15CS54','1BI16CS004');
INSERT INTO MARKS VALUES('20','20','0','0','15CS54','1BI16CS005');
INSERT INTO MARKS VALUES('17','15','18','0','15CS54','1BI16CS006');
INSERT INTO MARKS VALUES('18','19','18','0','15CS54','1BI16CS007'); 
INSERT INTO MARKS VALUES('20','20','20','0','15CS54','1BI16CS008');
INSERT INTO MARKS VALUES('17','15','18','0','15CS54','1BI16CS009');
INSERT INTO MARKS VALUES('18','17','0','0','15CS54','1BI16CS187'); 

INSERT INTO MARKS VALUES('20','16','16','0','15CS55','1BI16CS002');
INSERT INTO MARKS VALUES('20','16','16','0','15CS55','1BI16CS003');
INSERT INTO MARKS VALUES('16','10','16','0','15CS55','1BI16CS004');
INSERT INTO MARKS VALUES('19','19','19','0','15CS55','1BI16CS005');
INSERT INTO MARKS VALUES('10','16','16','0','15CS55','1BI16CS006');
INSERT INTO MARKS VALUES('16','16','16','0','15CS55','1BI16CS007'); 
INSERT INTO MARKS VALUES('19','19','0','0','15CS55','1BI16CS008');
INSERT INTO MARKS VALUES('14','16','16','0','15CS55','1BI16CS009');
INSERT INTO MARKS VALUES('17','18','16','0','15CS55','1BI16CS187'); 

INSERT INTO MARKS VALUES('19','14','18','0','15CS56','1BI16CS002');
INSERT INTO MARKS VALUES('14','16','16','0','15CS56','1BI16CS003');
INSERT INTO MARKS VALUES('16','17','16','0','15CS56','1BI16CS004');
INSERT INTO MARKS VALUES('18','17','14','0','15CS56','1BI16CS005');
INSERT INTO MARKS VALUES('17','13','16','0','15CS56','1BI16CS006');
INSERT INTO MARKS VALUES('16','16','12','0','15CS56','1BI16CS007'); 
INSERT INTO MARKS VALUES('10','17','19','0','15CS56','1BI16CS008');
INSERT INTO MARKS VALUES('17','16','17','0','15CS56','1BI16CS009');
INSERT INTO MARKS VALUES('20','19','0','0','15CS56','1BI16CS187');

INSERT INTO MARKS VALUES('20','18','16','0','15CS71','1BI15CS010');
INSERT INTO MARKS VALUES('20','18','18','0','15CS71','1BI15CS011');
INSERT INTO MARKS VALUES('18','18','18','0','15CS71','1BI15CS012');
INSERT INTO MARKS VALUES('20','20','20','0','15CS71','1BI15CS013');
INSERT INTO MARKS VALUES('17','15','18','0','15CS71','1BI15CS014');
INSERT INTO MARKS VALUES('18','18','18','0','15CS71','1BI15CS015');
INSERT INTO MARKS VALUES('18','18','18','0','15CS71','1BI15CS016');

INSERT INTO MARKS VALUES('17','18','16','0','15CS72','1BI15CS010');
INSERT INTO MARKS VALUES('16','18','18','0','15CS72','1BI15CS011');
INSERT INTO MARKS VALUES('19','18','18','0','15CS72','1BI15CS012');
INSERT INTO MARKS VALUES('10','20','20','0','15CS72','1BI15CS013');
INSERT INTO MARKS VALUES('17','15','18','0','15CS72','1BI15CS014');
INSERT INTO MARKS VALUES('17','16','18','0','15CS72','1BI15CS015');
INSERT INTO MARKS VALUES('18','18','0','0','15CS72','1BI15CS016');

INSERT INTO MARKS VALUES('17','18','16','0','15CS74','1BI15CS010');
INSERT INTO MARKS VALUES('16','15','17','0','15CS74','1BI15CS011');
INSERT INTO MARKS VALUES('12','18','18','0','15CS74','1BI15CS012');
INSERT INTO MARKS VALUES('13','14','0','0','15CS74','1BI15CS013');
INSERT INTO MARKS VALUES('14','15','8','0','15CS74','1BI15CS014');
INSERT INTO MARKS VALUES('16','18','8','0','15CS74','1BI15CS015');
INSERT INTO MARKS VALUES('17','16','10','0','15CS74','1BI15CS016');

INSERT INTO MARKS VALUES('17','17','16','0','15CS73','1BI15CS010');
INSERT INTO MARKS VALUES('16','16','19','0','15CS73','1BI15CS011');
INSERT INTO MARKS VALUES('19','16','18','0','15CS73','1BI15CS012');
INSERT INTO MARKS VALUES('15','20','17','0','15CS73','1BI15CS013');
INSERT INTO MARKS VALUES('17','15','18','0','15CS73','1BI15CS014');
INSERT INTO MARKS VALUES('15','16','17','0','15CS73','1BI15CS015');
INSERT INTO MARKS VALUES('18','16','0','0','15CS73','1BI15CS016');

INSERT INTO ATTANDANCE VALUES('83','15CS31','1BI17CS001');
INSERT INTO ATTANDANCE VALUES('82','15CS32','1BI17CS001');
INSERT INTO ATTANDANCE VALUES('91','15CS33','1BI17CS001');
INSERT INTO ATTANDANCE VALUES('82','15CS34','1BI17CS001');
INSERT INTO ATTANDANCE VALUES('84','15CS35','1BI17CS001');
INSERT INTO ATTANDANCE VALUES('81','15CS36','1BI17CS001');

INSERT INTO ATTANDANCE VALUES('90','15CS31','1BI17CS181');
INSERT INTO ATTANDANCE VALUES('90','15CS32','1BI17CS181');
INSERT INTO ATTANDANCE VALUES('80','15CS33','1BI17CS181');
INSERT INTO ATTANDANCE VALUES('85','15CS34','1BI17CS181');
INSERT INTO ATTANDANCE VALUES('86','15CS35','1BI17CS181');
INSERT INTO ATTANDANCE VALUES('87','15CS36','1BI17CS181');

INSERT INTO ATTANDANCE VALUES('92','15CS31','1BI17CS143');
INSERT INTO ATTANDANCE VALUES('91','15CS33','1BI17CS143');
INSERT INTO ATTANDANCE VALUES('83','15CS34','1BI17CS143');
INSERT INTO ATTANDANCE VALUES('89','15CS35','1BI17CS143');
INSERT INTO ATTANDANCE VALUES('88','15CS36','1BI17CS143');
INSERT INTO ATTANDANCE VALUES('83','15CS32','1BI17CS143');

INSERT INTO ATTANDANCE VALUES('87','15CS31','1BI17CS173');
INSERT INTO ATTANDANCE VALUES('89','15CS33','1BI17CS173');
INSERT INTO ATTANDANCE VALUES('86','15CS34','1BI17CS173');
INSERT INTO ATTANDANCE VALUES('85','15CS35','1BI17CS173');
INSERT INTO ATTANDANCE VALUES('84','15CS36','1BI17CS173');
INSERT INTO ATTANDANCE VALUES('90','15CS32','1BI17CS173');

INSERT INTO ATTANDANCE VALUES('81','15CS31','1BI17CS169');
INSERT INTO ATTANDANCE VALUES('82','15CS34','1BI17CS169');
INSERT INTO ATTANDANCE VALUES('83','15CS33','1BI17CS169');
INSERT INTO ATTANDANCE VALUES('84','15CS35','1BI17CS169');
INSERT INTO ATTANDANCE VALUES('85','15CS32','1BI17CS169');
INSERT INTO ATTANDANCE VALUES('86','15CS33','1BI17CS169');

INSERT INTO ATTANDANCE VALUES('87','15CS31','1BI17CS160');
INSERT INTO ATTANDANCE VALUES('88','15CS35','1BI17CS160');
INSERT INTO ATTANDANCE VALUES('89','15CS36','1BI17CS160');
INSERT INTO ATTANDANCE VALUES('90','15CS32','1BI17CS160');
INSERT INTO ATTANDANCE VALUES('91','15CS33','1BI17CS160');
INSERT INTO ATTANDANCE VALUES('92','15CS34','1BI17CS160'); 

INSERT INTO ATTANDANCE VALUES('81','15CS31','1BI17CS108');
INSERT INTO ATTANDANCE VALUES('82','15CS35','1BI17CS108');
INSERT INTO ATTANDANCE VALUES('83','15CS36','1BI17CS108');
INSERT INTO ATTANDANCE VALUES('84','15CS32','1BI17CS108');
INSERT INTO ATTANDANCE VALUES('85','15CS33','1BI17CS108');
INSERT INTO ATTANDANCE VALUES('86','15CS34','1BI17CS108'); 

INSERT INTO ATTANDANCE VALUES('81','15CS51','1BI16CS002');
INSERT INTO ATTANDANCE VALUES('82','15CS51','1BI16CS003');
INSERT INTO ATTANDANCE VALUES('83','15CS51','1BI16CS004');
INSERT INTO ATTANDANCE VALUES('84','15CS51','1BI16CS005');
INSERT INTO ATTANDANCE VALUES('84','15CS51','1BI16CS006');
INSERT INTO ATTANDANCE VALUES('85','15CS51','1BI16CS007'); 
INSERT INTO ATTANDANCE VALUES('86','15CS51','1BI16CS008');
INSERT INTO ATTANDANCE VALUES('87','15CS51','1BI16CS009');
INSERT INTO ATTANDANCE VALUES('88','15CS51','1BI16CS187'); 

INSERT INTO ATTANDANCE VALUES('89','15CS52','1BI16CS002');
INSERT INTO ATTANDANCE VALUES('90','15CS52','1BI16CS003');
INSERT INTO ATTANDANCE VALUES('91','15CS52','1BI16CS004');
INSERT INTO ATTANDANCE VALUES('92','15CS52','1BI16CS005');
INSERT INTO ATTANDANCE VALUES('93','15CS52','1BI16CS006');
INSERT INTO ATTANDANCE VALUES('94','15CS52','1BI16CS007'); 
INSERT INTO ATTANDANCE VALUES('81','15CS52','1BI16CS008');
INSERT INTO ATTANDANCE VALUES('82','15CS52','1BI16CS009');
INSERT INTO ATTANDANCE VALUES('83','15CS52','1BI16CS187'); 

INSERT INTO ATTANDANCE VALUES('84','15CS53','1BI16CS002');
INSERT INTO ATTANDANCE VALUES('85','15CS53','1BI16CS003');
INSERT INTO ATTANDANCE VALUES('86','15CS53','1BI16CS004');
INSERT INTO ATTANDANCE VALUES('88','15CS53','1BI16CS005');
INSERT INTO ATTANDANCE VALUES('89','15CS53','1BI16CS006');
INSERT INTO ATTANDANCE VALUES('90','15CS53','1BI16CS007'); 
INSERT INTO ATTANDANCE VALUES('82','15CS53','1BI16CS008');
INSERT INTO ATTANDANCE VALUES('83','15CS53','1BI16CS009');
INSERT INTO ATTANDANCE VALUES('84','15CS53','1BI16CS187'); 

INSERT INTO ATTANDANCE VALUES('83','15CS54','1BI16CS002');
INSERT INTO ATTANDANCE VALUES('84','15CS54','1BI16CS003');
INSERT INTO ATTANDANCE VALUES('85','15CS54','1BI16CS004');
INSERT INTO ATTANDANCE VALUES('86','15CS54','1BI16CS005');
INSERT INTO ATTANDANCE VALUES('82','15CS54','1BI16CS006');
INSERT INTO ATTANDANCE VALUES('83','15CS54','1BI16CS007'); 
INSERT INTO ATTANDANCE VALUES('84','15CS54','1BI16CS008');
INSERT INTO ATTANDANCE VALUES('85','15CS54','1BI16CS009');
INSERT INTO ATTANDANCE VALUES('81','15CS54','1BI16CS187'); 

INSERT INTO ATTANDANCE VALUES('82','15CS55','1BI16CS002');
INSERT INTO ATTANDANCE VALUES('83','15CS55','1BI16CS003');
INSERT INTO ATTANDANCE VALUES('84','15CS55','1BI16CS004');
INSERT INTO ATTANDANCE VALUES('85','15CS55','1BI16CS005');
INSERT INTO ATTANDANCE VALUES('86','15CS55','1BI16CS006');
INSERT INTO ATTANDANCE VALUES('87','15CS55','1BI16CS007'); 
INSERT INTO ATTANDANCE VALUES('82','15CS55','1BI16CS008');
INSERT INTO ATTANDANCE VALUES('83','15CS55','1BI16CS009');
INSERT INTO ATTANDANCE VALUES('88','15CS55','1BI16CS187'); 

INSERT INTO ATTANDANCE VALUES('87','15CS56','1BI16CS002');
INSERT INTO ATTANDANCE VALUES('88','15CS56','1BI16CS003');
INSERT INTO ATTANDANCE VALUES('89','15CS56','1BI16CS004');
INSERT INTO ATTANDANCE VALUES('90','15CS56','1BI16CS005');
INSERT INTO ATTANDANCE VALUES('91','15CS56','1BI16CS006');
INSERT INTO ATTANDANCE VALUES('92','15CS56','1BI16CS007'); 
INSERT INTO ATTANDANCE VALUES('93','15CS56','1BI16CS008');
INSERT INTO ATTANDANCE VALUES('92','15CS56','1BI16CS009');
INSERT INTO ATTANDANCE VALUES('84','15CS56','1BI16CS187');

INSERT INTO ATTANDANCE VALUES('88','15CS71','1BI15CS010');
INSERT INTO ATTANDANCE VALUES('86','15CS71','1BI15CS011');
INSERT INTO ATTANDANCE VALUES('88','15CS71','1BI15CS012');
INSERT INTO ATTANDANCE VALUES('82','15CS71','1BI15CS013');
INSERT INTO ATTANDANCE VALUES('83','15CS71','1BI15CS014');
INSERT INTO ATTANDANCE VALUES('84','15CS71','1BI15CS015');
INSERT INTO ATTANDANCE VALUES('87','15CS71','1BI15CS016');

INSERT INTO ATTANDANCE VALUES('88','15CS72','1BI15CS010');
INSERT INTO ATTANDANCE VALUES('87','15CS72','1BI15CS011');
INSERT INTO ATTANDANCE VALUES('86','15CS72','1BI15CS012');
INSERT INTO ATTANDANCE VALUES('81','15CS72','1BI15CS013');
INSERT INTO ATTANDANCE VALUES('83','15CS72','1BI15CS014');
INSERT INTO ATTANDANCE VALUES('89','15CS72','1BI15CS015');
INSERT INTO ATTANDANCE VALUES('87','15CS72','1BI15CS016');

INSERT INTO ATTANDANCE VALUES('87','15CS74','1BI15CS010');
INSERT INTO ATTANDANCE VALUES('88','15CS74','1BI15CS011');
INSERT INTO ATTANDANCE VALUES('81','15CS74','1BI15CS012');
INSERT INTO ATTANDANCE VALUES('85','15CS74','1BI15CS013');
INSERT INTO ATTANDANCE VALUES('82','15CS74','1BI15CS014');
INSERT INTO ATTANDANCE VALUES('86','15CS74','1BI15CS015');
INSERT INTO ATTANDANCE VALUES('88','15CS74','1BI15CS016');

INSERT INTO ATTANDANCE VALUES('87','15CS73','1BI15CS010');
INSERT INTO ATTANDANCE VALUES('90','15CS73','1BI15CS011');
INSERT INTO ATTANDANCE VALUES('88','15CS73','1BI15CS012');
INSERT INTO ATTANDANCE VALUES('86','15CS73','1BI15CS013');
INSERT INTO ATTANDANCE VALUES('88','15CS73','1BI15CS014');
INSERT INTO ATTANDANCE VALUES('85','15CS73','1BI15CS015');
INSERT INTO ATTANDANCE VALUES('90','15CS73','1BI15CS016');

Insert into events_list values('1','Field Trip');
insert into events_list values('2','Workshop');